gpu_name,manufacturer,perf_score,lowest_price,msrp,specs_notes,architecture,tdp
GeForce RTX 5090,NVIDIA,100,"$2,499","$1,999","GB202, 21760 shaders, 2407MHz, 32GB GDDR7@28Gbps, 1792GB/s, 575W",,
GeForce RTX 4090,NVIDIA,95.2,"$2,975","$1,599","AD102, 16384 shaders, 2520MHz, 24GB GDDR6X@21Gbps, 1008GB/s, 450W",,
GeForce RTX 5080,NVIDIA,84.9,"$1,264",$999,"GB203, 10752 shaders, 2617MHz, 16GB GDDR7@30Gbps, 690GB/s, 360W",,
GeForce RTX 4080 Super,NVIDIA,83.2,"$1,230",$999,"AD103, 10240 shaders, 2550MHz, 16GB GDDR6X@23Gbps, 736GB/s, 320W",,
GeForce RTX 4080,NVIDIA,82,"$1,349","$1,199","AD103, 9728 shaders, 2505MHz, 16GB GDDR6X@22.4Gbps, 717GB/s, 320W",,
Radeon RX 7900 XTX,AMD,79.4,$959,$999,"Navi 31, 6144 shaders, 2500MHz, 24GB GDDR6@20Gbps, 960GB/s, 355W",,
GeForce RTX 5070 Ti,NVIDIA,78.8,$812,$749,"GB203, 8960 shaders, 2452MHz, 16GB GDDR7@28Gbps, 896GB/s, 300W",,
Radeon RX 9070 XT,AMD,76.1,$719,$599,"Navi 48, 4096 shaders, 2970MHz, 16GB GDDR6@20Gbps, 640GB/s, 304W",,
GeForce RTX 4070 Ti Super,NVIDIA,74.1,"$1,199",$799,"AD103, 8448 shaders, 2610MHz, 16GB GDDR6X@21Gbps, 672GB/s, 285W",,
Radeon RX 7900 XT,AMD,73.3,$680,$749,"Navi 31, 5376 shaders, 2400MHz, 20GB GDDR6@20Gbps, 800GB/s, 315W",,
GeForce RTX 4070 Ti,NVIDIA,70.6,$900.00,$799,"AD104, 7680 shaders, 2610MHz, 12GB GDDR6X@21Gbps, 504GB/s, 285W",,
Radeon RX 9070,AMD,70,$599,$549,"Navi 48, 3584 shaders, 2520MHz, 16GB GDDR6@20Gbps, 640GB/s, 220W",,
GeForce RTX 5070,NVIDIA,68.1,$579.00,$549,"GB205, 6144 shaders, 2512MHz, 12GB GDDR7@28Gbps, 672GB/s, 250W",,
GeForce RTX 4070 Super,NVIDIA,67.2,$759,$599,"AD104, 7168 shaders, 2475MHz, 12GB GDDR6X@21Gbps, 504GB/s, 220W",,
Radeon RX 7900 GRE,AMD,62.5,$670,$549,"Navi 31, 5120 shaders, 2245MHz, 16GB GDDR6@18Gbps, 576GB/s, 260W",,
GeForce RTX 4070,NVIDIA,58.4,$579,$549,"AD104, 5888 shaders, 2475MHz, 12GB GDDR6X@21Gbps, 504GB/s, 200W",,
Radeon RX 7800 XT,AMD,56.9,$599,$499,"Navi 32, 3840 shaders, 2430MHz, 16GB GDDR6@19.5Gbps, 624GB/s, 263W",,
GeForce RTX 5060 Ti 16GB,NVIDIA,53.5,$430,$429,"GB206, 4608 shaders, 2572MHz, 16GB GDDR7@28Gbps, 448GB/s, 180W",,
Radeon RX 9060 XT 16GB,AMD,51,$369,$349,"Navi 44, 2046 shaders, 3130MHz, 16GB GDDR6@20Gbps, 320GB/s, 160W",,
GeForce RTX 5060 Ti 8GB,NVIDIA,50.8,$380,$379,"GB206, 4608 shaders, 2572MHz, 8GB GDDR7@28Gbps, 448GB/s, 180W",,
Radeon RX 7700 XT,AMD,49.8,$399,$399,"Navi 32, 3456 shaders, 2544MHz, 12GB GDDR6@18Gbps, 432GB/s, 245W",,
GeForce RTX 4060 Ti 16GB,NVIDIA,46.1,$409,$499,"AD106, 4352 shaders, 2535MHz, 16GB GDDR6@18Gbps, 288GB/s, 160W",,
GeForce RTX 4060 Ti 8GB,NVIDIA,45.5,$439,$399,"AD106, 4352 shaders, 2535MHz, 8GB GDDR6@18Gbps, 288GB/s, 160W",,
GeForce RTX 5060,NVIDIA,44.5,$300,$299,"GB206, 3840 shaders, 2497MHz, 8GB GDDR7@28Gbps, 448GB/s, 160W",,
GeForce RTX 4060,NVIDIA,36.6,$369,$299,"AD107, 3072 shaders, 2460MHz, 8GB GDDR6@17Gbps, 272GB/s, 115W",,
Radeon RX 7600 XT,AMD,36.2,$396,$329,"Navi 33, 2048 shaders, 2755MHz, 16GB GDDR6@18Gbps, 288GB/s, 190W",,
Intel Arc B580,Intel,35.1,$260,$249,"BMG-G21, 2560 shaders, 2850MHz, 12GB GDDR6@19Gbps, 456GB/s, 190W",,
GeForce RTX 3060 12GB,NVIDIA,30.7,$250,$329,"GA106, 3584 shaders, 1777MHz, 12GB GDDR6@15Gbps, 360GB/s, 170W",,
Intel Arc B570,Intel,30.3,$229,$219,"BMG-G21, 2304 shaders, 2750MHz, 10GB GDDR6@19Gbps, 380GB/s, 150W",,
Intel Arc A770 16GB,Intel,29.8,$339,$329,"ACM-G10, 4096 shaders, 2400MHz, 16GB GDDR6@17.5Gbps, 560GB/s, 225W",,
Radeon RX 7600,AMD,26.7,$279,$269,"Navi 33, 2048 shaders, 2655MHz, 8GB GDDR6@18Gbps, 288GB/s, 165W",,
Intel Arc A750,Intel,25.8,$200,$199,"ACM-G10, 3584 shaders, 2350MHz, 8GB GDDR6@16Gbps, 512GB/s, 225W",,
Intel Arc A580,Intel,24.2,$256,$179,"ACM-G10, 3072 shaders, 2300MHz, 8GB GDDR6@16Gbps, 512GB/s, 185W",,
Radeon RX 6600,AMD,23.6,$220,$329,"Navi 23, 1792 shaders, 2491MHz, 8GB GDDR6@14Gbps, 224GB/s, 132W",,
GA102,Unknown,100,,,,1400/1695,350W
Navi 21,Unknown,97,,,,1825/2250,300W
GA104,Unknown,81.5,,,,1575/1770,290W
TU102,Unknown,79.5,,,,1350/1770,280W
Navi 22,Unknown,73.3,,,,2321/2424,230W
GV100,Unknown,68.7,,,,1200/1455,250W
TU104,Unknown,66.8,,,,1650/1815,250W
GP102,Unknown,61.1,,,,1405/1480,250W
Vega 20,Unknown,58.9,,,,1400/1750,300W
Navi 23,Unknown,57.7,,,,1968/2589,160W
Navi 10,Unknown,57,,,,1605/1905,225W
GA106,Unknown,54.7,,,,1320/1777,170W
TU106,Unknown,53.1,,,,1410/1710,185W
Vega 10,Unknown,48.4,,,,1274/1546,295W
GP104,Unknown,45.2,,,,1607/1733,180W
TU116,Unknown,37.9,,,,1530/1785,125W
GM200,Unknown,35.3,,,,1000/1075,250
Fiji,Unknown,32.7,,,,1050,275W
Polaris 30,Unknown,32.4,,,,1469/1545,225W
Navi 14,Unknown,31.8,,,,?/1717,130W
Polaris 20,Unknown,30.9,,,,1257/1340,185W
Navi 24,Unknown,27.7,,,,2610/2815,107W
Hawaii,Unknown,27.2,,,,1000,275W
GP106,Unknown,26.5,,,,1506/1708,120W
GM204,Unknown,26.4,,,,1126/1216,165W
TU117,Unknown,23.8,,,,1410/1590,75W
GP107,Unknown,16.1,,,,1290/1392,75W
Polaris 21,Unknown,12.5,,,,1175/1275,80W
Vega 8,Unknown,9.5,,,,2000,N/A
Vega 7,Unknown,8.8,,,,1900,N/A
Polaris 22,Unknown,8,,,,1100/1183,50W
GP108,Unknown,6.7,,,,1228/1468,30W
Vega 11,Unknown,5.5,,,,1400,N/A
Xe DG1,Unknown,4.4,,,,1550,30W
Gen11 ICL-U,Unknown,3,,,,1100,N/A
Gen9.5 CFL,Unknown,1.8,,,,1200,N/A
GeForce GTX 750 Ti ,NVIDIA ,20,used ~$50 ,N/A ,Maxwell 2GB ,Maxwell ,60W 
GeForce GT 1030 ,NVIDIA ,18,used ~$80 ,N/A ,Pascal 2GB ,Pascal ,30W 
GeForce GTX 660 Ti ,NVIDIA ,25,used ~$60 ,N/A ,Kepler 2GB ,Kepler,150W 
GeForce GTX 970 ,NVIDIA ,48,used ~$120 ,N/A ,Maxwell 4GB ,Maxwell,145W 
GeForce GTX 1650 ,NVIDIA ,38,used ~$150 ,N/A ,Turing 4GB ,Turing,75W 
Radeon HD 7850 ,AMD ,22,used ~$40 ,N/A ,GCN 2GB ,GCN ,130W 
Radeon R7 260X ,AMD ,28,used ~$50 ,N/A ,GCN 2GB ,GCN ,115W 
Radeon RX 550 ,AMD ,32,used ~$70 ,N/A ,GCN 4GB ,Polaris ,50W 
GeForce 8800 GT ,NVIDIA ,12,used ~$30 ,N/A ,G92 512MB ,G92 ,105W 
Radeon HD 6950 ,AMD ,25,used ~$45 ,N/A ,Cayman 2GB ,Cayman ,200W 
